school;sex;age;address;famsize;Pstatus;Medu;Fedu;Mjob;Fjob;reason;guardian;traveltime;studytime;failures;schoolsup;famsup;paid;activities;nursery;higher;internet;romantic;famrel;freetime;goout;Dalc;Walc;health;absences;G1;G2;G3,StudentID,Cluster
"GP;""F"";17;""U"";""GT3"";""T"";1;1;""at_home"";""other"";""course"";""father"";1;2;0;""no"";""yes"";""no"";""no"";""no"";""yes"";""yes"";""no"";5;3;3;1;1;3;4;""5"";""5"";6",2,2
"GP;""F"";15;""U"";""LE3"";""T"";1;1;""at_home"";""other"";""other"";""mother"";1;2;3;""yes"";""no"";""yes"";""no"";""yes"";""yes"";""yes"";""no"";4;3;2;2;3;3;10;""7"";""8"";10",3,2
"GP;""F"";15;""U"";""GT3"";""T"";4;2;""health"";""services"";""home"";""mother"";1;3;0;""no"";""yes"";""yes"";""yes"";""yes"";""yes"";""yes"";""yes"";3;2;2;1;1;5;2;""15"";""14"";15",4,2
"GP;""F"";16;""U"";""GT3"";""T"";3;3;""other"";""other"";""home"";""father"";1;2;0;""no"";""yes"";""yes"";""no"";""yes"";""yes"";""no"";""no"";4;3;2;1;2;5;4;""6"";""10"";10",5,2
"GP;""F"";17;""U"";""GT3"";""A"";4;4;""other"";""teacher"";""home"";""mother"";2;2;0;""yes"";""yes"";""no"";""no"";""yes"";""yes"";""no"";""no"";4;1;4;1;1;1;6;""6"";""5"";6",8,2
"GP;""F"";15;""U"";""GT3"";""T"";4;4;""teacher"";""health"";""reputation"";""mother"";1;2;0;""no"";""yes"";""yes"";""no"";""yes"";""yes"";""yes"";""no"";3;3;3;1;2;2;0;""10"";""8"";9",11,2
"GP;""F"";15;""U"";""GT3"";""T"";2;1;""services"";""other"";""reputation"";""father"";3;3;0;""no"";""yes"";""no"";""yes"";""yes"";""yes"";""yes"";""no"";5;2;2;1;1;4;4;""10"";""12"";12",12,2
"GP;""F"";16;""U"";""GT3"";""T"";4;4;""health"";""other"";""home"";""mother"";1;1;0;""no"";""yes"";""no"";""no"";""yes"";""yes"";""yes"";""no"";4;4;4;1;2;2;4;""14"";""14"";14",16,2
"GP;""F"";16;""U"";""GT3"";""T"";4;4;""services"";""services"";""reputation"";""mother"";1;3;0;""no"";""yes"";""yes"";""yes"";""yes"";""yes"";""yes"";""no"";3;2;3;1;2;2;6;""13"";""14"";14",17,2
"GP;""F"";16;""U"";""GT3"";""T"";3;3;""other"";""other"";""reputation"";""mother"";3;2;0;""yes"";""yes"";""no"";""yes"";""yes"";""yes"";""no"";""no"";5;3;2;1;1;4;4;""8"";""10"";10",18,2
"GP;""F"";15;""R"";""GT3"";""T"";2;4;""services"";""health"";""course"";""mother"";1;3;0;""yes"";""yes"";""yes"";""yes"";""yes"";""yes"";""yes"";""no"";4;3;2;1;1;5;2;""10"";""9"";8",25,2
"GP;""F"";16;""U"";""GT3"";""T"";2;2;""services"";""services"";""home"";""mother"";1;1;2;""no"";""yes"";""yes"";""no"";""no"";""yes"";""yes"";""no"";1;2;2;1;3;5;14;""6"";""9"";8",26,2
"GP;""F"";15;""U"";""GT3"";""T"";2;3;""other"";""other"";""other"";""father"";2;1;0;""no"";""yes"";""no"";""yes"";""yes"";""yes"";""no"";""no"";3;5;1;1;1;5;0;""8"";""7"";6",36,2
"GP;""F"";15;""R"";""GT3"";""T"";3;4;""services"";""health"";""course"";""mother"";1;3;0;""yes"";""yes"";""yes"";""yes"";""yes"";""yes"";""yes"";""no"";4;3;2;1;1;5;2;""12"";""12"";11",39,2
"GP;""F"";15;""R"";""GT3"";""T"";2;2;""at_home"";""other"";""reputation"";""mother"";1;1;0;""yes"";""yes"";""yes"";""yes"";""yes"";""yes"";""no"";""no"";4;3;1;1;1;2;8;""14"";""13"";13",40,2
"GP;""F"";16;""U"";""LE3"";""T"";2;2;""other"";""other"";""home"";""mother"";2;2;1;""no"";""yes"";""no"";""yes"";""no"";""yes"";""yes"";""yes"";3;3;3;1;2;3;25;""7"";""10"";11",41,2
"GP;""F"";16;""U"";""LE3"";""T"";2;2;""other"";""at_home"";""course"";""father"";2;2;1;""yes"";""no"";""no"";""yes"";""yes"";""yes"";""yes"";""no"";4;3;3;2;2;5;14;""10"";""10"";9",45,2
"GP;""F"";15;""U"";""LE3"";""A"";4;3;""other"";""other"";""course"";""mother"";1;2;0;""yes"";""yes"";""yes"";""yes"";""yes"";""yes"";""yes"";""yes"";5;2;2;1;1;5;8;""8"";""8"";6",46,2
"GP;""F"";16;""U"";""LE3"";""A"";3;3;""other"";""services"";""home"";""mother"";1;2;0;""no"";""yes"";""no"";""no"";""yes"";""yes"";""yes"";""no"";2;3;5;1;4;3;12;""11"";""12"";11",47,2
"GP;""F"";15;""U"";""GT3"";""T"";4;4;""services"";""teacher"";""other"";""father"";1;2;1;""yes"";""yes"";""no"";""yes"";""no"";""yes"";""yes"";""no"";4;4;4;1;1;3;2;""7"";""7"";7",50,2
"GP;""F"";16;""U"";""LE3"";""T"";2;2;""services"";""services"";""course"";""mother"";3;2;0;""no"";""yes"";""yes"";""no"";""yes"";""yes"";""yes"";""no"";4;3;3;2;3;4;2;""12"";""13"";13",51,2
"GP;""F"";15;""U"";""LE3"";""T"";4;2;""health"";""other"";""other"";""mother"";1;2;0;""no"";""yes"";""yes"";""no"";""yes"";""yes"";""yes"";""no"";4;3;3;1;1;5;2;""11"";""13"";13",52,2
"GP;""F"";15;""U"";""GT3"";""T"";4;4;""services"";""services"";""course"";""mother"";1;1;0;""yes"";""yes"";""yes"";""no"";""yes"";""yes"";""yes"";""no"";3;3;4;2;3;5;0;""8"";""10"";11",54,2
"GP;""F"";15;""U"";""LE3"";""A"";3;3;""other"";""other"";""other"";""mother"";1;1;0;""no"";""no"";""yes"";""no"";""yes"";""yes"";""yes"";""no"";5;3;4;4;4;1;6;""10"";""13"";13",55,2
"GP;""F"";16;""U"";""GT3"";""A"";2;1;""other"";""other"";""other"";""mother"";1;2;0;""no"";""no"";""yes"";""yes"";""yes"";""yes"";""yes"";""yes"";5;3;4;1;1;2;8;""8"";""9"";10",56,2
"GP;""F"";15;""U"";""GT3"";""A"";4;3;""services"";""services"";""reputation"";""mother"";1;2;0;""no"";""yes"";""yes"";""yes"";""yes"";""yes"";""yes"";""no"";4;3;2;1;1;1;0;""14"";""15"";15",57,2
"GP;""F"";16;""U"";""GT3"";""T"";4;2;""services"";""other"";""course"";""mother"";1;2;0;""no"";""yes"";""no"";""no"";""yes"";""yes"";""yes"";""no"";4;2;3;1;1;5;2;""15"";""16"";16",60,2
"GP;""F"";16;""R"";""GT3"";""T"";4;4;""health"";""teacher"";""other"";""mother"";1;2;0;""no"";""yes"";""no"";""yes"";""yes"";""yes"";""no"";""no"";2;4;4;2;3;4;6;""10"";""11"";11",61,2
"GP;""F"";16;""U"";""GT3"";""T"";1;1;""services"";""services"";""course"";""father"";4;1;0;""yes"";""yes"";""no"";""yes"";""no"";""yes"";""yes"";""yes"";5;5;5;5;5;5;6;""10"";""8"";11",62,2
"GP;""F"";16;""U"";""LE3"";""T"";1;2;""other"";""services"";""reputation"";""father"";1;2;0;""yes"";""no"";""no"";""yes"";""yes"";""yes"";""yes"";""no"";4;4;3;1;1;1;4;""8"";""10"";9",63,2
"GP;""F"";16;""U"";""GT3"";""T"";4;3;""teacher"";""health"";""home"";""mother"";1;3;0;""yes"";""yes"";""yes"";""yes"";""yes"";""yes"";""yes"";""no"";3;4;4;2;4;4;2;""10"";""9"";9",64,2
"GP;""F"";15;""U"";""LE3"";""T"";4;3;""services"";""services"";""reputation"";""father"";1;2;0;""yes"";""no"";""no"";""yes"";""yes"";""yes"";""yes"";""yes"";4;4;4;2;4;2;0;""10"";""10"";10",65,2
"GP;""F"";16;""U"";""LE3"";""T"";4;3;""teacher"";""services"";""course"";""mother"";3;2;0;""no"";""yes"";""no"";""yes"";""yes"";""yes"";""yes"";""no"";5;4;3;1;2;1;2;""16"";""15"";15",66,2
"GP;""F"";16;""U"";""GT3"";""T"";3;1;""services"";""other"";""course"";""mother"";1;4;0;""yes"";""yes"";""yes"";""no"";""yes"";""yes"";""yes"";""no"";4;3;3;1;2;5;4;""7"";""7"";6",68,2
"GP;""F"";15;""R"";""LE3"";""T"";2;2;""health"";""services"";""reputation"";""mother"";2;2;0;""yes"";""yes"";""yes"";""no"";""yes"";""yes"";""yes"";""no"";4;1;3;1;3;4;2;""8"";""9"";8",69,2
"GP;""F"";15;""R"";""LE3"";""T"";3;1;""other"";""other"";""reputation"";""father"";2;4;0;""no"";""yes"";""no"";""no"";""no"";""yes"";""yes"";""no"";4;4;2;2;3;3;12;""16"";""16"";16",70,2
"GP;""F"";15;""R"";""GT3"";""T"";1;1;""other"";""other"";""reputation"";""mother"";1;2;2;""yes"";""yes"";""no"";""no"";""no"";""yes"";""yes"";""yes"";3;3;4;2;4;5;2;""8"";""6"";5",73,2
"GP;""F"";16;""U"";""GT3"";""T"";3;3;""other"";""services"";""home"";""mother"";1;2;0;""yes"";""yes"";""yes"";""yes"";""yes"";""yes"";""yes"";""no"";4;3;3;2;4;5;54;""11"";""12"";11",75,2
"GP;""F"";16;""U"";""GT3"";""T"";2;2;""other"";""other"";""reputation"";""mother"";1;4;0;""no"";""no"";""yes"";""no"";""yes"";""yes"";""yes"";""yes"";5;2;3;1;3;3;0;""11"";""11"";11",78,2
"GP;""F"";16;""U"";""GT3"";""T"";3;4;""at_home"";""other"";""course"";""mother"";1;2;0;""no"";""yes"";""no"";""no"";""yes"";""yes"";""yes"";""no"";2;4;3;1;2;3;12;""5"";""5"";5",80,2
"GP;""F"";15;""U"";""LE3"";""T"";3;2;""services"";""other"";""reputation"";""mother"";1;2;0;""no"";""yes"";""yes"";""no"";""yes"";""yes"";""yes"";""no"";4;4;4;1;1;5;10;""7"";""6"";6",83,2
"GP;""F"";15;""U"";""GT3"";""T"";1;1;""other"";""other"";""home"";""father"";1;2;0;""no"";""yes"";""no"";""yes"";""no"";""yes"";""yes"";""no"";4;3;2;2;3;4;2;""9"";""10"";10",85,2
"GP;""F"";15;""U"";""GT3"";""T"";4;4;""services"";""services"";""reputation"";""father"";2;2;2;""no"";""no"";""yes"";""no"";""yes"";""yes"";""yes"";""yes"";4;4;4;2;3;5;6;""7"";""9"";8",86,2
"GP;""F"";16;""U"";""LE3"";""T"";2;2;""at_home"";""other"";""course"";""mother"";1;2;0;""no"";""yes"";""no"";""no"";""yes"";""yes"";""no"";""no"";4;3;4;1;2;2;4;""8"";""7"";6",87,2
"GP;""F"";15;""U"";""GT3"";""T"";4;2;""other"";""other"";""reputation"";""mother"";1;3;0;""no"";""yes"";""no"";""yes"";""yes"";""yes"";""yes"";""no"";5;3;3;1;3;1;4;""13"";""14"";14",88,2
"GP;""F"";16;""U"";""GT3"";""T"";3;3;""other"";""other"";""home"";""mother"";1;3;0;""no"";""yes"";""yes"";""no"";""yes"";""yes"";""yes"";""yes"";4;3;3;1;3;4;0;""7"";""7"";8",91,2
"GP;""F"";15;""U"";""GT3"";""T"";4;3;""services"";""other"";""reputation"";""mother"";1;1;0;""no"";""no"";""yes"";""yes"";""yes"";""yes"";""yes"";""no"";4;5;5;1;3;1;4;""16"";""17"";18",92,2
"GP;""F"";16;""U"";""LE3"";""T"";3;1;""other"";""other"";""home"";""father"";1;2;0;""yes"";""yes"";""no"";""no"";""yes"";""yes"";""no"";""no"";3;3;3;2;3;2;4;""7"";""6"";6",93,2
"GP;""F"";16;""U"";""GT3"";""T"";4;2;""teacher"";""services"";""home"";""mother"";2;2;0;""no"";""yes"";""yes"";""yes"";""yes"";""yes"";""yes"";""no"";5;3;3;1;1;1;0;""11"";""10"";10",94,2
"GP;""F"";15;""R"";""GT3"";""T"";1;1;""at_home"";""other"";""home"";""mother"";2;4;1;""yes"";""yes"";""yes"";""yes"";""yes"";""yes"";""yes"";""no"";3;1;2;1;1;1;2;""7"";""10"";10",96,2
"GP;""F"";16;""U"";""GT3"";""T"";2;1;""other"";""other"";""course"";""mother"";1;2;0;""no"";""yes"";""yes"";""no"";""yes"";""yes"";""no"";""yes"";4;3;5;1;1;5;2;""8"";""9"";10",98,2
"GP;""F"";16;""U"";""GT3"";""T"";4;4;""other"";""other"";""reputation"";""mother"";1;1;0;""no"";""no"";""no"";""yes"";""no"";""yes"";""yes"";""no"";5;3;4;1;2;1;6;""11"";""14"";14",99,2
"GP;""F"";16;""U"";""GT3"";""T"";4;3;""other"";""at_home"";""course"";""mother"";1;3;0;""yes"";""yes"";""yes"";""no"";""yes"";""yes"";""yes"";""no"";5;3;5;1;1;3;0;""7"";""9"";8",100,2
"GP;""F"";15;""U"";""GT3"";""T"";3;2;""services"";""other"";""home"";""mother"";2;2;0;""yes"";""yes"";""yes"";""no"";""yes"";""yes"";""yes"";""no"";4;3;5;1;1;2;26;""7"";""6"";6",104,2
"GP;""F"";15;""U"";""GT3"";""A"";3;3;""other"";""health"";""reputation"";""father"";1;4;0;""yes"";""no"";""no"";""no"";""yes"";""yes"";""no"";""no"";4;3;3;1;1;4;10;""10"";""11"";11",106,2
"GP;""F"";15;""U"";""GT3"";""T"";2;2;""other"";""other"";""course"";""mother"";1;4;0;""yes"";""yes"";""yes"";""no"";""yes"";""yes"";""yes"";""no"";5;1;2;1;1;3;8;""7"";""8"";8",107,2
"GP;""F"";16;""U"";""LE3"";""T"";4;4;""health"";""health"";""other"";""mother"";1;3;0;""no"";""yes"";""yes"";""yes"";""yes"";""yes"";""yes"";""yes"";5;4;5;1;1;4;4;""14"";""15"";16",110,2
"GP;""F"";16;""R"";""GT3"";""T"";3;3;""services"";""other"";""reputation"";""father"";1;3;1;""yes"";""yes"";""no"";""yes"";""yes"";""yes"";""yes"";""no"";4;1;2;1;1;2;0;""7"";""10"";10",112,2
"GP;""F"";16;""U"";""GT3"";""T"";2;2;""at_home"";""other"";""home"";""mother"";1;2;1;""yes"";""no"";""no"";""yes"";""yes"";""yes"";""yes"";""no"";3;1;2;1;1;5;6;""10"";""13"";13",113,2
"GP;""F"";15;""U"";""GT3"";""T"";1;2;""at_home"";""services"";""course"";""mother"";1;2;0;""no"";""no"";""no"";""no"";""no"";""yes"";""yes"";""no"";3;2;3;1;2;1;2;""16"";""15"";15",121,2
"GP;""F"";16;""U"";""LE3"";""T"";2;4;""other"";""health"";""course"";""father"";2;2;0;""no"";""yes"";""yes"";""yes"";""yes"";""yes"";""yes"";""yes"";4;2;2;1;2;5;2;""13"";""13"";13",123,2
"GP;""F"";16;""U"";""GT3"";""T"";2;2;""other"";""other"";""home"";""mother"";1;2;0;""no"";""no"";""yes"";""no"";""yes"";""yes"";""yes"";""yes"";5;4;4;1;1;5;0;""8"";""7"";8",125,2
"GP;""F"";15;""U"";""LE3"";""A"";3;4;""other"";""other"";""home"";""mother"";1;2;0;""yes"";""no"";""no"";""yes"";""yes"";""yes"";""yes"";""yes"";5;3;2;1;1;1;0;""7"";""10"";11",127,2
"GP;""F"";15;""R"";""GT3"";""T"";3;4;""services"";""teacher"";""course"";""father"";2;3;2;""no"";""yes"";""no"";""no"";""yes"";""yes"";""yes"";""yes"";4;2;2;2;2;5;0;""12"";""0"";0",131,2
"GP;""F"";15;""U"";""GT3"";""T"";1;1;""at_home"";""other"";""course"";""mother"";3;1;0;""no"";""yes"";""no"";""yes"";""no"";""yes"";""yes"";""yes"";4;3;3;1;2;4;0;""8"";""0"";0",132,2
"GP;""F"";16;""U"";""GT3"";""A"";3;4;""services"";""other"";""course"";""father"";1;1;0;""no"";""no"";""no"";""no"";""yes"";""yes"";""yes"";""no"";3;2;1;1;4;5;16;""12"";""11"";11",134,2
"GP;""F"";15;""U"";""GT3"";""T"";4;4;""services"";""at_home"";""course"";""mother"";1;3;0;""no"";""yes"";""no"";""yes"";""yes"";""yes"";""yes"";""yes"";4;3;3;1;1;5;0;""11"";""0"";0",136,2
"GP;""F"";16;""U"";""GT3"";""A"";3;3;""other"";""other"";""course"";""other"";2;1;2;""no"";""yes"";""no"";""yes"";""no"";""yes"";""yes"";""yes"";4;3;2;1;1;5;0;""4"";""0"";0",138,2
"GP;""F"";15;""U"";""GT3"";""T"";4;4;""teacher"";""teacher"";""course"";""mother"";2;1;0;""no"";""no"";""no"";""yes"";""yes"";""yes"";""yes"";""no"";4;3;2;1;1;5;0;""16"";""16"";15",140,2
"GP;""F"";15;""U"";""GT3"";""T"";4;4;""teacher"";""services"";""course"";""mother"";1;3;0;""no"";""yes"";""yes"";""yes"";""yes"";""yes"";""yes"";""no"";4;2;2;1;1;5;2;""9"";""11"";11",143,2
"GP;""F"";16;""U"";""LE3"";""T"";1;1;""at_home"";""at_home"";""course"";""mother"";1;1;0;""no"";""no"";""no"";""no"";""yes"";""yes"";""yes"";""no"";3;4;4;3;3;1;2;""14"";""14"";13",144,2
"GP;""F"";15;""U"";""GT3"";""T"";1;1;""other"";""services"";""course"";""father"";1;2;0;""no"";""yes"";""yes"";""no"";""yes"";""yes"";""yes"";""no"";4;4;2;1;2;5;0;""8"";""11"";11",146,2
"GP;""F"";15;""U"";""GT3"";""T"";3;2;""health"";""services"";""home"";""father"";1;2;3;""no"";""yes"";""no"";""no"";""yes"";""yes"";""yes"";""no"";3;3;2;1;1;3;0;""6"";""7"";0",147,2
"GP;""F"";15;""U"";""GT3"";""T"";1;2;""at_home"";""other"";""course"";""mother"";1;2;0;""no"";""yes"";""yes"";""no"";""no"";""yes"";""yes"";""no"";4;3;2;1;1;5;2;""10"";""11"";11",148,2
"GP;""F"";15;""R"";""GT3"";""T"";3;3;""services"";""services"";""reputation"";""other"";2;3;2;""no"";""yes"";""yes"";""yes"";""yes"";""yes"";""yes"";""yes"";4;2;1;2;3;3;8;""10"";""10"";10",153,2
"GP;""F"";17;""U"";""GT3"";""T"";4;4;""other"";""teacher"";""course"";""mother"";1;1;0;""yes"";""yes"";""no"";""no"";""yes"";""yes"";""no"";""yes"";4;2;1;1;1;4;0;""11"";""11"";12",155,2
"GP;""F"";16;""U"";""GT3"";""T"";4;2;""health"";""services"";""home"";""father"";1;2;0;""no"";""no"";""yes"";""no"";""yes"";""yes"";""yes"";""yes"";4;2;3;1;1;3;0;""14"";""15"";16",168,2
"GP;""F"";16;""U"";""GT3"";""T"";2;2;""other"";""other"";""home"";""mother"";1;2;0;""no"";""yes"";""yes"";""no"";""no"";""yes"";""yes"";""no"";5;1;5;1;1;4;0;""6"";""7"";0",169,2
"GP;""F"";16;""U"";""GT3"";""T"";4;4;""health"";""health"";""reputation"";""mother"";1;2;0;""no"";""yes"";""yes"";""no"";""yes"";""yes"";""yes"";""yes"";4;4;2;1;1;3;0;""14"";""14"";14",170,2
"GP;""F"";16;""U"";""GT3"";""T"";1;3;""at_home"";""services"";""home"";""mother"";1;2;3;""no"";""no"";""no"";""yes"";""no"";""yes"";""yes"";""yes"";4;3;5;1;1;3;0;""8"";""7"";0",174,2
"GP;""F"";16;""U"";""LE3"";""T"";3;3;""other"";""other"";""reputation"";""mother"";2;2;0;""no"";""yes"";""yes"";""yes"";""yes"";""yes"";""yes"";""no"";4;4;5;1;1;4;4;""10"";""11"";9",175,2
"GP;""F"";16;""U"";""GT3"";""T"";2;2;""services"";""other"";""reputation"";""mother"";2;2;0;""no"";""no"";""yes"";""yes"";""no"";""yes"";""yes"";""no"";3;4;4;1;4;5;2;""13"";""13"";11",177,2
"GP;""F"";17;""U"";""GT3"";""T"";2;4;""services"";""services"";""reputation"";""father"";1;2;0;""no"";""yes"";""no"";""yes"";""yes"";""yes"";""no"";""no"";5;4;2;2;3;5;0;""16"";""17"";17",183,2
"GP;""F"";16;""U"";""GT3"";""T"";3;2;""other"";""other"";""reputation"";""mother"";1;2;0;""no"";""yes"";""yes"";""no"";""yes"";""yes"";""yes"";""no"";1;2;2;1;2;1;14;""12"";""13"";12",185,2
"GP;""F"";17;""U"";""GT3"";""A"";3;3;""health"";""other"";""reputation"";""mother"";1;2;0;""no"";""yes"";""no"";""no"";""no"";""yes"";""yes"";""yes"";3;3;3;1;3;3;6;""8"";""7"";9",189,2
"GP;""F"";16;""U"";""GT3"";""T"";2;3;""services"";""services"";""course"";""mother"";1;2;0;""no"";""no"";""no"";""no"";""yes"";""yes"";""yes"";""no"";4;3;3;1;1;2;10;""11"";""12"";13",191,2
"GP;""F"";17;""U"";""GT3"";""T"";1;1;""at_home"";""services"";""course"";""mother"";1;2;0;""no"";""no"";""no"";""yes"";""yes"";""yes"";""yes"";""no"";5;3;3;1;1;3;0;""8"";""8"";9",192,2
"GP;""F"";17;""U"";""GT3"";""T"";4;4;""services"";""teacher"";""home"";""mother"";2;1;1;""no"";""yes"";""no"";""no"";""yes"";""yes"";""yes"";""no"";4;2;4;2;3;2;24;""18"";""18"";18",199,2
"GP;""F"";16;""U"";""LE3"";""T"";4;4;""teacher"";""teacher"";""reputation"";""mother"";1;2;0;""no"";""yes"";""yes"";""no"";""yes"";""yes"";""yes"";""no"";4;5;2;1;2;3;0;""9"";""9"";10",200,2
"GP;""F"";16;""U"";""GT3"";""T"";4;3;""health"";""other"";""home"";""mother"";1;2;0;""no"";""yes"";""no"";""yes"";""yes"";""yes"";""yes"";""no"";4;3;5;1;5;2;2;""16"";""16"";16",201,2
"GP;""F"";16;""U"";""GT3"";""T"";2;3;""other"";""other"";""reputation"";""mother"";1;2;0;""yes"";""yes"";""yes"";""yes"";""yes"";""yes"";""no"";""no"";4;4;3;1;3;4;6;""8"";""10"";10",202,2
"GP;""F"";17;""U"";""GT3"";""T"";1;1;""other"";""other"";""course"";""mother"";1;2;0;""no"";""yes"";""yes"";""no"";""no"";""yes"";""no"";""no"";4;4;4;1;3;1;4;""9"";""9"";10",203,2
"GP;""F"";17;""R"";""GT3"";""T"";2;2;""other"";""other"";""reputation"";""mother"";1;1;0;""no"";""yes"";""no"";""no"";""yes"";""yes"";""yes"";""no"";5;3;2;1;2;3;18;""7"";""6"";6",204,2
"GP;""F"";16;""R"";""GT3"";""T"";2;2;""services"";""services"";""reputation"";""mother"";2;4;0;""no"";""yes"";""yes"";""yes"";""no"";""yes"";""yes"";""no"";5;3;5;1;1;5;6;""10"";""10"";11",205,2
"GP;""F"";17;""U"";""GT3"";""T"";3;4;""at_home"";""services"";""home"";""mother"";1;3;1;""no"";""yes"";""yes"";""no"";""yes"";""yes"";""yes"";""yes"";4;4;3;3;4;5;28;""10"";""9"";9",206,2
"GP;""F"";16;""U"";""GT3"";""A"";3;1;""services"";""other"";""course"";""mother"";1;2;3;""no"";""yes"";""yes"";""no"";""yes"";""yes"";""yes"";""no"";2;3;3;2;2;4;5;""7"";""7"";7",207,2
"GP;""F"";16;""U"";""GT3"";""T"";4;3;""teacher"";""other"";""other"";""mother"";1;2;0;""no"";""no"";""yes"";""yes"";""yes"";""yes"";""yes"";""yes"";1;3;2;1;1;1;10;""11"";""12"";13",208,2
"GP;""F"";16;""U"";""GT3"";""T"";1;1;""at_home"";""other"";""home"";""mother"";2;1;0;""no"";""yes"";""yes"";""no"";""yes"";""yes"";""no"";""no"";4;3;2;1;4;5;6;""9"";""9"";10",209,2
"GP;""F"";17;""R"";""GT3"";""T"";4;3;""teacher"";""other"";""reputation"";""mother"";2;3;0;""no"";""yes"";""yes"";""yes"";""yes"";""yes"";""yes"";""yes"";4;4;2;1;1;4;6;""7"";""7"";7",210,2
"GP;""F"";16;""U"";""GT3"";""A"";2;2;""other"";""other"";""reputation"";""mother"";1;2;0;""yes"";""yes"";""yes"";""no"";""yes"";""yes"";""yes"";""no"";3;3;4;1;1;4;0;""12"";""13"";14",213,2
"GP;""F"";17;""R"";""LE3"";""T"";4;4;""services"";""other"";""other"";""mother"";1;1;0;""no"";""yes"";""yes"";""no"";""yes"";""yes"";""no"";""no"";5;2;1;1;2;3;12;""8"";""10"";10",215,2
"GP;""F"";17;""U"";""GT3"";""T"";4;3;""other"";""other"";""reputation"";""mother"";1;2;2;""no"";""no"";""yes"";""no"";""yes"";""yes"";""yes"";""yes"";3;4;5;2;4;1;22;""6"";""6"";4",217,2
"GP;""F"";17;""U"";""GT3"";""T"";2;3;""at_home"";""other"";""home"";""father"";2;1;0;""no"";""yes"";""yes"";""no"";""yes"";""yes"";""no"";""no"";3;3;3;1;4;3;3;""7"";""7"";8",219,2
"GP;""F"";17;""U"";""GT3"";""T"";2;2;""at_home"";""at_home"";""course"";""mother"";1;3;0;""no"";""yes"";""yes"";""yes"";""yes"";""yes"";""yes"";""no"";4;3;3;1;1;4;4;""9"";""10"";10",220,2
"GP;""F"";17;""R"";""GT3"";""T"";2;1;""at_home"";""services"";""reputation"";""mother"";2;2;0;""no"";""yes"";""no"";""yes"";""yes"";""yes"";""yes"";""no"";4;2;5;1;2;5;2;""6"";""6"";6",221,2
"GP;""F"";17;""U"";""GT3"";""T"";1;1;""at_home"";""other"";""reputation"";""mother"";1;3;1;""no"";""yes"";""no"";""yes"";""yes"";""yes"";""no"";""yes"";4;3;4;1;1;5;0;""6"";""5"";0",222,2
"GP;""F"";16;""U"";""GT3"";""T"";2;3;""services"";""teacher"";""other"";""mother"";1;2;0;""yes"";""no"";""no"";""no"";""yes"";""yes"";""yes"";""no"";2;3;1;1;1;3;2;""16"";""16"";17",223,2
"GP;""F"";16;""U"";""GT3"";""T"";4;4;""teacher"";""services"";""home"";""mother"";1;3;0;""no"";""yes"";""no"";""yes"";""no"";""yes"";""yes"";""no"";5;3;2;1;1;5;0;""13"";""13"";14",225,2
"GP;""F"";17;""U"";""GT3"";""T"";3;2;""other"";""other"";""course"";""mother"";1;2;0;""no"";""no"";""no"";""yes"";""no"";""yes"";""yes"";""no"";5;3;4;1;3;3;10;""16"";""15"";15",227,2
"GP;""F"";17;""U"";""GT3"";""A"";2;1;""other"";""other"";""course"";""mother"";2;3;0;""no"";""no"";""no"";""yes"";""yes"";""yes"";""yes"";""yes"";3;2;3;1;2;3;10;""12"";""10"";12",230,2
"GP;""F"";16;""U"";""GT3"";""T"";2;1;""other"";""other"";""home"";""mother"";1;1;0;""no"";""no"";""no"";""no"";""yes"";""yes"";""yes"";""yes"";4;5;2;1;1;5;20;""13"";""12"";12",238,2
"GP;""F"";17;""R"";""GT3"";""T"";2;1;""at_home"";""services"";""course"";""mother"";3;2;0;""no"";""no"";""no"";""yes"";""yes"";""yes"";""no"";""no"";2;1;1;1;1;3;2;""13"";""11"";11",239,2
"GP;""F"";17;""U"";""GT3"";""T"";3;3;""other"";""other"";""home"";""mother"";1;3;0;""no"";""no"";""no"";""yes"";""no"";""yes"";""no"";""no"";3;2;3;1;1;4;4;""10"";""9"";9",264,2
"GP;""F"";17;""U"";""GT3"";""T"";2;4;""at_home"";""health"";""reputation"";""mother"";2;2;0;""no"";""yes"";""yes"";""no"";""yes"";""yes"";""yes"";""yes"";4;3;3;1;1;1;2;""10"";""10"";10",275,2
"GP;""F"";17;""U"";""GT3"";""T"";2;2;""other"";""other"";""course"";""mother"";1;2;0;""no"";""yes"";""no"";""no"";""no"";""yes"";""yes"";""no"";5;4;5;1;2;5;4;""10"";""9"";11",285,2
"GP;""F"";17;""U"";""GT3"";""T"";1;1;""services"";""teacher"";""reputation"";""mother"";1;3;0;""no"";""yes"";""yes"";""no"";""yes"";""yes"";""yes"";""no"";4;3;3;1;1;3;6;""13"";""12"";12",288,2
"GP;""F"";17;""U"";""GT3"";""T"";4;3;""health"";""services"";""reputation"";""mother"";1;3;0;""no"";""yes"";""yes"";""no"";""yes"";""yes"";""yes"";""no"";4;2;2;1;2;3;0;""15"";""15"";15",292,2
"GP;""F"";17;""R"";""LE3"";""T"";3;1;""services"";""other"";""reputation"";""mother"";2;4;0;""no"";""yes"";""yes"";""no"";""yes"";""yes"";""no"";""no"";3;1;2;1;1;3;6;""18"";""18"";18",294,2
"GP;""F"";17;""U"";""GT3"";""T"";4;2;""other"";""other"";""reputation"";""mother"";2;3;0;""no"";""yes"";""yes"";""no"";""yes"";""yes"";""yes"";""no"";4;3;3;1;1;3;0;""15"";""12"";14",303,2
"GP;""F"";17;""U"";""GT3"";""T"";3;2;""health"";""health"";""reputation"";""father"";1;4;0;""no"";""yes"";""yes"";""yes"";""no"";""yes"";""yes"";""no"";5;2;2;1;2;5;0;""17"";""17"";18",304,2
"GP;""F"";17;""R"";""GT3"";""T"";3;4;""at_home"";""services"";""course"";""father"";1;3;0;""no"";""yes"";""yes"";""yes"";""no"";""yes"";""yes"";""no"";4;3;4;2;5;5;0;""11"";""11"";10",319,2
"GP;""F"";17;""U"";""GT3"";""A"";4;3;""services"";""services"";""course"";""mother"";1;2;0;""no"";""yes"";""yes"";""no"";""yes"";""yes"";""yes"";""yes"";5;2;2;1;2;5;23;""13"";""13"";13",321,2
"GP;""F"";17;""U"";""GT3"";""T"";2;2;""other"";""other"";""course"";""mother"";1;2;0;""no"";""yes"";""no"";""no"";""yes"";""yes"";""no"";""yes"";4;2;2;1;1;3;12;""11"";""9"";9",322,2
"GP;""F"";17;""R"";""LE3"";""T"";2;2;""services"";""services"";""course"";""mother"";1;3;0;""no"";""yes"";""yes"";""yes"";""yes"";""yes"";""yes"";""no"";3;3;2;2;2;3;3;""11"";""11"";11",323,2
"GP;""F"";17;""U"";""GT3"";""T"";3;1;""services"";""services"";""course"";""father"";1;3;0;""no"";""yes"";""no"";""no"";""no"";""yes"";""yes"";""no"";3;4;3;2;3;5;1;""12"";""14"";15",324,2
"GP;""F"";17;""U"";""GT3"";""T"";4;4;""teacher"";""services"";""course"";""mother"";1;3;0;""no"";""yes"";""yes"";""yes"";""yes"";""yes"";""yes"";""no"";5;4;4;1;3;4;7;""10"";""9"";9",329,2
"GP;""F"";17;""R"";""GT3"";""T"";2;4;""at_home"";""other"";""course"";""father"";1;3;0;""no"";""yes"";""no"";""no"";""yes"";""yes"";""yes"";""yes"";4;4;3;1;1;5;7;""12"";""14"";14",332,2
"GP;""F"";17;""U"";""GT3"";""T"";3;4;""services"";""other"";""course"";""mother"";1;3;0;""no"";""no"";""no"";""no"";""yes"";""yes"";""yes"";""no"";4;4;5;1;3;5;16;""16"";""15"";15",336,2
"GP;""F"";17;""U"";""GT3"";""T"";3;2;""other"";""other"";""home"";""mother"";1;2;0;""no"";""yes"";""yes"";""no"";""yes"";""yes"";""yes"";""yes"";4;3;2;2;3;2;0;""7"";""8"";0",338,2
"GP;""F"";17;""R"";""GT3"";""A"";3;2;""other"";""other"";""home"";""mother"";1;2;0;""no"";""yes"";""yes"";""no"";""yes"";""yes"";""yes"";""no"";4;3;3;2;3;2;4;""9"";""10"";10",340,2
"GP;""F"";17;""U"";""GT3"";""A"";2;2;""at_home"";""at_home"";""home"";""father"";1;2;1;""no"";""yes"";""no"";""no"";""yes"";""yes"";""yes"";""yes"";3;3;1;1;2;4;0;""9"";""8"";0",344,2
"GP;""F"";17;""U"";""GT3"";""T"";4;3;""health"";""other"";""reputation"";""mother"";1;3;0;""no"";""yes"";""yes"";""yes"";""yes"";""yes"";""yes"";""yes"";4;4;3;1;3;4;0;""13"";""15"";15",349,2
